"date","geography","geography code","Age: All categories: Age; Sex: All persons; measures: Value","Age: All categories: Age; Sex: Males; measures: Value","Age: All categories: Age; Sex: Females; measures: Value","Age: Age 0 to 4; Sex: All persons; measures: Value","Age: Age 0 to 4; Sex: Males; measures: Value","Age: Age 0 to 4; Sex: Females; measures: Value","Age: Age 5 to 9; Sex: All persons; measures: Value","Age: Age 5 to 9; Sex: Males; measures: Value","Age: Age 5 to 9; Sex: Females; measures: Value","Age: Age 10 to 15; Sex: All persons; measures: Value","Age: Age 10 to 15; Sex: Males; measures: Value","Age: Age 10 to 15; Sex: Females; measures: Value","Age: Age 16 to 19; Sex: All persons; measures: Value","Age: Age 16 to 19; Sex: Males; measures: Value","Age: Age 16 to 19; Sex: Females; measures: Value","Age: Age 20 to 24; Sex: All persons; measures: Value","Age: Age 20 to 24; Sex: Males; measures: Value","Age: Age 20 to 24; Sex: Females; measures: Value","Age: Age 25 to 29; Sex: All persons; measures: Value","Age: Age 25 to 29; Sex: Males; measures: Value","Age: Age 25 to 29; Sex: Females; measures: Value","Age: Age 30 to 34; Sex: All persons; measures: Value","Age: Age 30 to 34; Sex: Males; measures: Value","Age: Age 30 to 34; Sex: Females; measures: Value","Age: Age 35 to 39; Sex: All persons; measures: Value","Age: Age 35 to 39; Sex: Males; measures: Value","Age: Age 35 to 39; Sex: Females; measures: Value","Age: Age 40 to 44; Sex: All persons; measures: Value","Age: Age 40 to 44; Sex: Males; measures: Value","Age: Age 40 to 44; Sex: Females; measures: Value","Age: Age 45 to 49; Sex: All persons; measures: Value","Age: Age 45 to 49; Sex: Males; measures: Value","Age: Age 45 to 49; Sex: Females; measures: Value","Age: Age 50 to 54; Sex: All persons; measures: Value","Age: Age 50 to 54; Sex: Males; measures: Value","Age: Age 50 to 54; Sex: Females; measures: Value","Age: Age 55 to 59; Sex: All persons; measures: Value","Age: Age 55 to 59; Sex: Males; measures: Value","Age: Age 55 to 59; Sex: Females; measures: Value","Age: Age 60 to 64; Sex: All persons; measures: Value","Age: Age 60 to 64; Sex: Males; measures: Value","Age: Age 60 to 64; Sex: Females; measures: Value","Age: Age 65 to 69; Sex: All persons; measures: Value","Age: Age 65 to 69; Sex: Males; measures: Value","Age: Age 65 to 69; Sex: Females; measures: Value","Age: Age 70 to 74; Sex: All persons; measures: Value","Age: Age 70 to 74; Sex: Males; measures: Value","Age: Age 70 to 74; Sex: Females; measures: Value","Age: Age 75 to 79; Sex: All persons; measures: Value","Age: Age 75 to 79; Sex: Males; measures: Value","Age: Age 75 to 79; Sex: Females; measures: Value","Age: Age 80 to 84; Sex: All persons; measures: Value","Age: Age 80 to 84; Sex: Males; measures: Value","Age: Age 80 to 84; Sex: Females; measures: Value","Age: Age 85 and over; Sex: All persons; measures: Value","Age: Age 85 and over; Sex: Males; measures: Value","Age: Age 85 and over; Sex: Females; measures: Value"
"2011","AL - St Albans","AL - St Albans",256298,124372,131926,17091,8789,8302,15102,7701,7401,18005,8968,9037,13399,6742,6657,19016,9606,9410,17418,8679,8739,17428,8765,8663,18054,8653,9401,19178,9191,9987,19093,8932,10161,16369,7872,8497,14052,6858,7194,13763,6662,7101,10332,4974,5358,8690,4073,4617,7671,3497,4174,5985,2537,3448,5652,1873,3779
"2011","B - Birmingham","B - Birmingham",1951302,963273,988029,132898,68428,64470,122336,62977,59359,149872,77169,72703,106760,54006,52754,143748,70436,73312,140201,68951,71250,133392,65531,67861,132106,66261,65845,142482,71211,71271,137944,68891,69053,118064,59336,58728,103988,52709,51279,101946,51023,50923,81942,39923,42019,67060,31575,35485,55841,25030,30811,42528,17629,24899,38194,12187,26007
"2011","BA - Bath","BA - Bath",440490,213502,226988,24343,12492,11851,23060,11884,11176,31156,15835,15321,24999,12735,12264,30972,15619,15353,25100,12737,12363,23868,11660,12208,27082,12939,14143,31696,15165,16531,32603,15588,17015,29171,14056,15115,26845,13013,13832,28975,13948,15027,23200,11225,11975,18340,8697,9643,15204,7019,8185,11871,4938,6933,12005,3952,8053
"2011","BB - Blackburn","BB - Blackburn",483065,238524,244541,33615,17176,16439,30811,15771,15040,38006,19543,18463,25037,12907,12130,29529,14359,15170,31426,15465,15961,29185,14474,14711,30793,15188,15605,34951,17513,17438,34014,17159,16855,31232,15738,15494,28183,14216,13967,30556,15264,15292,22862,11272,11590,17999,8687,9312,14313,6389,7924,10751,4316,6435,9802,3087,6715
"2011","BD - Bradford","BD - Bradford",574120,279090,295030,44064,22499,21565,40210,20482,19728,47663,24177,23486,30203,15463,14740,37746,18337,19409,40616,19235,21381,38380,18860,19520,38099,18979,19120,40169,19501,20668,38468,18479,19989,35935,17347,18588,31649,15842,15807,31089,15299,15790,21977,10608,11369,19503,9024,10479,15795,6898,8897,11684,4656,7028,10870,3404,7466
"2011","BH - Bournemouth","BH - Bournemouth",544786,264793,279993,28466,14557,13909,25726,13234,12492,34276,17530,16746,25918,13182,12736,34416,17629,16787,31400,15732,15668,31141,15917,15224,31994,16164,15830,36384,18151,18233,38275,18827,19448,33739,16378,17361,31418,14980,16438,37618,17924,19694,31955,15449,16506,26623,12641,13982,23977,10793,13184,20156,8385,11771,21304,7320,13984
"2011","BL - Bolton","BL - Bolton",374512,180171,194341,24931,12676,12255,22887,11856,11031,29009,15034,13975,20099,10224,9875,24181,11779,12402,24227,11549,12678,22325,10615,11710,24046,11322,12724,27796,13095,14701,27119,12581,14538,23524,11037,12487,20944,10103,10841,23502,11378,12124,18375,9081,9294,14838,7060,7778,11252,5060,6192,8079,3303,4776,7378,2418,4960
"2011","BN - Brighton","BN - Brighton",764624,365285,399339,43632,22570,21062,40472,20888,19584,51098,26361,24737,38829,19693,19136,51981,25758,26223,45628,23018,22610,44015,21002,23013,47444,22454,24990,53356,25314,28042,54072,25586,28486,45765,21731,24034,42022,19863,22159,48663,23271,25392,40905,19455,21450,34878,16071,18807,30038,13387,16651,25131,10285,14846,26695,8578,18117
"2011","BR - Bromley","BR - Bromley",263900,122098,141802,19108,9754,9354,17698,8973,8725,22208,11367,10841,14081,7063,7018,14111,6842,7269,13434,6444,6990,13796,6487,7309,14838,6399,8439,17821,7675,10146,18354,8015,10339,16159,7293,8866,14076,6369,7707,16476,7457,9019,13527,6261,7266,11539,5115,6424,10421,4604,5817,8416,3404,5012,7837,2576,5261
"2011","BS - Bristol","BS - Bristol",952555,473326,479229,59613,30495,29118,50888,25875,25013,62967,32081,30886,47651,24201,23450,71200,35816,35384,68064,34485,33579,65128,33108,32020,64581,32753,31828,70010,35578,34432,70186,35803,34383,59994,30372,29622,52958,26579,26379,55235,27652,27583,44437,21986,22451,35177,16718,18459,29429,13224,16205,22408,9401,13007,22629,7199,15430
"2011","CA - Carlisle","CA - Carlisle",319648,157822,161826,16639,8534,8105,16007,8303,7704,21300,10810,10490,15241,7905,7336,17001,8575,8426,17406,8700,8706,16666,8438,8228,18859,9189,9670,23877,11815,12062,25074,12563,12511,23531,11772,11759,21223,10674,10549,23815,12025,11790,18537,9285,9252,15431,7452,7979,12219,5601,6618,8880,3622,5258,7942,2559,5383
"2011","CB - Cambridge","CB - Cambridge",435157,216762,218395,25692,13202,12490,22828,11751,11077,27596,14064,13532,23276,11939,11337,35621,18870,16751,32725,16675,16050,32266,16589,15677,31017,15669,15348,32065,15837,16228,31711,15643,16068,27261,13499,13762,24023,11673,12350,24918,12405,12513,18696,9179,9517,14479,6974,7505,11921,5529,6392,9609,4026,5583,9453,3238,6215
"2011","CH - Chester","CH - Chester",638521,309078,329443,38000,19346,18654,35529,18089,17440,46419,24037,22382,32658,16778,15880,38188,18915,19273,35838,17743,18095,33578,16263,17315,38217,18630,19587,44700,21492,23208,47202,22720,24482,42805,20811,21994,39329,18941,20388,44083,21562,22521,34962,16917,18045,29579,13905,15674,23788,10545,13243,17717,7269,10448,15929,5115,10814
"2011","CM - Chelmsford","CM - Chelmsford",614945,294808,320137,39599,20263,19336,37760,19358,18402,48123,24740,23383,31456,16055,15401,32912,16556,16356,33649,16647,17002,34054,16322,17732,38268,17723,20545,44887,20543,24344,45651,21221,24430,40762,19318,21444,36689,17760,18929,40784,19433,21351,31802,15205,16597,25396,11807,13589,21599,9944,11655,16396,6837,9559,15158,5076,10082
"2011","CO - Colchester","CO - Colchester",387963,185373,202590,22716,11632,11084,21448,11055,10393,28059,14579,13480,20052,10289,9763,23958,12363,11595,20242,10099,10143,19361,9259,10102,21531,10080,11451,25273,11593,13680,25628,11805,13823,23074,10743,12331,22576,10480,12096,28738,13198,15540,24444,11781,12663,19744,9539,10205,16257,7581,8676,12554,5317,7237,12308,3980,8328
"2011","CR - Croydon","CR - Croydon",352386,170688,181698,30293,15381,14912,25566,12809,12757,31621,16059,15562,20311,10405,9906,21194,10614,10580,22833,11088,11745,23179,11391,11788,22077,10667,11410,23570,11177,12393,24590,11870,12720,20499,9971,10528,17825,8503,9322,18052,8636,9416,14263,6611,7652,12008,5556,6452,10105,4578,5527,7439,3051,4388,6961,2321,4640
"2011","CT - Canterbury","CT - Canterbury",466771,221996,244775,26947,13799,13148,25197,13044,12153,34754,17977,16777,27801,14047,13754,33260,16396,16864,25271,12243,13028,23135,10978,12157,24863,11431,13432,30358,14264,16094,31301,14644,16657,28407,13316,15091,27341,12756,14585,32560,15481,17079,27070,12967,14103,21610,10280,11330,17558,7893,9665,14404,5780,8624,14934,4700,10234
"2011","CV - Coventry","CV - Coventry",826115,410626,415489,51761,26612,25149,45632,23137,22495,57081,29053,28028,44300,22926,21374,61175,31631,29544,55033,27969,27064,51944,26072,25872,54756,27549,27207,60010,29865,30145,59864,30113,29751,52356,26679,25677,46664,23499,23165,48650,24186,24464,41221,20302,20919,31996,15270,16726,25346,11564,13782,19599,8145,11454,18727,6054,12673
"2011","CW - Crewe","CW - Crewe",299664,147798,151866,17742,9211,8531,17278,8807,8471,21965,11178,10787,15478,8056,7422,16698,8542,8156,16404,8235,8169,15735,7929,7806,18809,9338,9471,22159,10843,11316,23053,11529,11524,20131,9899,10232,18313,9181,9132,20966,10281,10685,16748,8351,8397,13253,6360,6893,10176,4656,5520,7656,3128,4528,7100,2274,4826
"2011","DA - Dartford","DA - Dartford",386882,187687,199195,28005,14235,13770,25929,13352,12577,33188,17037,16151,22024,11083,10941,23399,11686,11713,21693,10830,10863,21518,10610,10908,22728,11012,11716,26535,12515,14020,27003,13137,13866,23538,11525,12013,20595,10081,10514,22549,10906,11643,18421,8804,9617,15980,7357,8623,13885,6142,7743,10612,4359,6253,9280,3016,6264
"2011","DE - Derby","DE - Derby",728253,361943,366310,44686,22926,21760,41471,21383,20088,52815,27227,25588,36613,18675,17938,45229,23022,22207,44137,22032,22105,42489,21247,21242,47408,24090,23318,55209,27951,27258,55936,28365,27571,47746,24361,23385,43105,21710,21395,46506,23180,23326,37247,18268,18979,29127,14037,15090,23914,10742,13172,18036,7389,10647,16579,5338,11241
"2011","DH - Durham","DH - Durham",297771,146080,151691,16962,8639,8323,15365,7887,7478,19933,10150,9783,16526,8246,8280,22470,11359,11111,17591,8800,8791,15877,7904,7973,17131,8461,8670,20983,10362,10621,22007,11075,10932,20028,9824,10204,18557,9254,9303,20332,9942,10390,16315,7997,8318,13762,6473,7289,10379,4684,5695,7303,3020,4283,6250,2003,4247
"2011","DL - Darlington","DL - Darlington",356624,176957,179667,20745,10613,10132,19231,9836,9395,24962,12753,12209,18312,10156,8156,22270,12591,9679,21683,11632,10051,19398,9891,9507,21059,10345,10714,25208,12300,12908,26480,12854,13626,23794,11436,12358,22191,10806,11385,24987,12138,12849,19356,9465,9891,16279,7747,8532,12729,5738,6991,9409,3876,5533,8531,2780,5751
"2011","DN - Doncaster","DN - Doncaster",743421,364899,378522,46137,23617,22520,41993,21253,20740,53358,26917,26441,37205,19147,18058,44893,22526,22367,45303,22649,22654,40600,20327,20273,44943,22260,22683,52677,25689,26988,55872,27801,28071,51272,25467,25805,46292,23024,23268,49498,24503,24995,39053,19185,19868,32292,15278,17014,26168,11800,14368,19107,7987,11120,16758,5469,11289
"2011","DT - Dorchester","DT - Dorchester",208073,99962,108111,10238,5216,5022,10211,5299,4912,14779,7503,7276,10593,5686,4907,10508,5733,4775,9202,4586,4616,9256,4608,4648,10825,5130,5695,13248,6183,7065,14592,6845,7747,13913,6382,7531,13797,6427,7370,16647,7806,8841,14466,6947,7519,11374,5527,5847,9504,4351,5153,7459,3238,4221,7461,2495,4966
"2011","DY - Dudley","DY - Dudley",385444,185774,199670,24447,12476,11971,23278,11852,11426,29597,15299,14298,19903,10247,9656,21875,10790,11085,21157,10172,10985,19727,9485,10242,22598,10813,11785,27127,12677,14450,26780,12699,14081,23082,11081,12001,22424,10820,11604,25926,12501,13425,23520,11525,11995,19098,9215,9883,14774,6812,7962,10720,4416,6304,9411,2894,6517
"2011","E - London E","E - London E",1160540,618540,542000,77499,39620,37879,63009,31887,31122,68521,34905,33616,47776,24101,23675,97062,50137,46925,141575,74489,67086,138272,75309,62963,114455,65340,49115,100923,58296,42627,83976,47599,36377,65388,36588,28800,47046,25425,21621,35835,18730,17105,23415,11411,12004,19803,9679,10124,15370,7162,8208,11021,4688,6333,9594,3174,6420
"2011","EC - London EC","EC - London EC",335031,195848,139183,1550,777,773,1197,597,600,1250,683,567,4035,2006,2029,28216,13878,14338,63525,33624,29901,63124,35204,27920,48741,29616,19125,39020,25098,13922,31554,20339,11215,22226,14483,7743,14609,9430,5179,9018,5993,3025,3261,2160,1101,1540,914,626,896,465,431,682,333,349,587,248,339
"2011","EN - Enfield","EN - Enfield",319430,155911,163519,23995,12213,11782,21379,11014,10365,26172,13584,12588,16763,8713,8050,19478,9697,9781,20332,10026,10306,19837,9716,10121,19939,9619,10320,23016,11134,11882,22867,11200,11667,19576,9673,9903,16531,8135,8396,17446,8524,8922,14622,6939,7683,12148,5576,6572,10379,4593,5786,7783,3239,4544,7167,2316,4851
"2011","EX - Exeter","EX - Exeter",552674,268793,283881,28263,14454,13809,26672,13770,12902,35655,18315,17340,27744,14301,13443,34827,17894,16933,28851,14701,14150,27934,13873,14061,30861,15092,15769,37551,18330,19221,39623,19353,20270,36459,17731,18728,35196,16957,18239,40894,19886,21008,34691,16798,17893,27686,13169,14517,22669,10424,12245,18397,7635,10762,18701,6110,12591
"2011","FY - Blackpool","FY - Blackpool",270070,128512,141558,14542,7437,7105,13719,7088,6631,18233,9315,8918,13089,6573,6516,14486,7114,7372,14169,6852,7317,13258,6390,6868,14942,7084,7858,18740,8907,9833,20068,9537,10531,18057,8544,9513,16292,7791,8501,18969,9103,9866,16680,8076,8604,14550,6814,7736,12056,5333,6723,9462,3798,5664,8758,2756,6002
"2011","GL - Gloucester","GL - Gloucester",601530,294112,307418,33792,17211,16581,32048,16397,15651,42586,21820,20766,30474,15600,14874,35522,17772,17750,34645,17498,17147,33749,17224,16525,37828,18891,18937,44261,21888,22373,45916,22214,23702,41054,20023,21031,37235,18269,18966,39984,19283,20701,32725,15808,16917,26089,12681,13408,20997,9419,11578,16336,6800,9536,16289,5314,10975
"2011","GU - Guildford","GU - Guildford",695436,338903,356533,45503,23286,22217,42602,21842,20760,52554,27177,25377,35678,18460,17218,42000,22167,19833,41325,21482,19843,42294,20968,21326,46918,22681,24237,50254,23800,26454,51323,24163,27160,44688,21319,23369,38788,18558,20230,42181,20201,21980,34223,16404,17819,27511,13032,14479,22867,10512,12355,17181,7188,9993,17546,5663,11883
"2011","HA - Harrow","HA - Harrow",415450,200175,215275,31871,16307,15564,28679,14730,13949,35067,18262,16805,22677,11918,10759,26195,13421,12774,29762,14668,15094,29500,14496,15004,26718,12702,14016,26515,12255,14260,26312,12109,14203,24175,11110,13065,21322,9967,11355,21040,9548,11492,17746,8110,9636,15647,7212,8435,13404,6112,7292,9753,4076,5677,9067,3172,5895
"2011","HD - Huddersfield","HD - Huddersfield",247095,120879,126216,16325,8278,8047,14979,7603,7376,18480,9380,9100,13453,6904,6549,17157,8822,8335,14298,7250,7048,13836,6800,7036,15172,7485,7687,17513,8631,8882,17435,8498,8937,15595,7625,7970,14482,7197,7285,16309,7901,8408,12570,6080,6490,10174,4842,5332,7896,3476,4420,6033,2380,3653,5388,1727,3661
"2011","HG - Harrogate","HG - Harrogate",139457,67147,72310,7708,3959,3749,7571,3855,3716,9772,5028,4744,6975,3687,3288,7677,4079,3598,8461,4341,4120,8041,4041,4000,8692,4195,4497,10297,4883,5414,10527,4917,5610,9344,4418,4926,8277,3939,4338,9057,4310,4747,7423,3458,3965,6294,2884,3410,5207,2319,2888,4017,1586,2431,4117,1248,2869
"2011","HP - Hemel Hempstead","HP - Hemel Hempstead",460667,223239,237428,32619,16567,16052,29846,15403,14443,37250,18915,18335,23485,12000,11485,25365,12820,12545,26819,13295,13524,27807,13691,14116,29677,14400,15277,33103,15636,17467,33756,16200,17556,30222,14461,15761,26360,12645,13715,27456,13135,14321,21978,10651,11327,17922,8368,9554,15095,6790,8305,11270,4711,6559,10637,3551,7086
"2011","HR - Hereford","HR - Hereford",175570,85775,89795,9367,4842,4525,8849,4553,4296,12143,6214,5929,8264,4196,4068,9360,4840,4520,9600,4932,4668,9448,4785,4663,10097,5044,5053,12194,5968,6226,13099,6436,6663,11727,5611,6116,11427,5363,6064,12792,6185,6607,10768,5240,5528,8637,4206,4431,7281,3392,3889,5434,2316,3118,5083,1652,3431
"2011","HU - Hull","HU - Hull",441140,216415,224725,26254,13529,12725,23360,11934,11426,29968,15413,14555,23666,12112,11554,32280,16464,15816,27835,13776,14059,25810,12930,12880,28288,13982,14306,31090,15288,15802,32703,16060,16643,29515,14527,14988,26273,12846,13427,28787,14172,14615,20922,10170,10752,18512,8724,9788,15370,6961,8409,10919,4462,6457,9588,3065,6523
"2011","HX - Halifax","HX - Halifax",162080,78744,83336,10464,5210,5254,9676,4876,4800,12312,6249,6063,8062,4115,3947,9534,4734,4800,10368,5023,5345,10481,5188,5293,11134,5414,5720,12687,6212,6475,12227,5959,6268,11060,5461,5599,9356,4663,4693,10048,4948,5100,7455,3684,3771,5932,2781,3151,4563,1956,2607,3519,1312,2207,3202,959,2243
"2011","IG - Ilford","IG - Ilford",297191,143468,153723,26939,13950,12989,23286,11998,11288,27200,13981,13219,16723,8605,8118,19343,10156,9187,21066,10138,10928,20512,9539,10973,19228,8803,10425,19514,8977,10537,18449,8540,9909,16711,8028,8683,14638,6961,7677,13990,6610,7380,10778,5045,5733,9114,4272,4842,7604,3434,4170,6105,2431,3674,5991,2000,3991
"2011","IP - Ipswich","IP - Ipswich",591504,293079,298425,34888,17993,16895,32310,16635,15675,42263,21843,20420,28050,14638,13412,33471,17616,15855,35399,18635,16764,33359,17115,16244,35487,17738,17749,41455,20477,20978,42427,20936,21491,38226,18824,19402,35929,17400,18529,41555,20037,21518,33501,16598,16903,26793,12994,13799,22438,10447,11991,17285,7464,9821,16668,5689,10979
"2011","KT - Kingston upon Thames","KT - Kingston upon Thames",506737,240906,265831,35144,18089,17055,31333,15985,15348,37700,19164,18536,24954,12415,12539,31087,15123,15964,31076,15521,15555,32843,15901,16942,34888,16400,18488,36384,16598,19786,36706,16739,19967,31784,14669,17115,27610,12889,14721,30165,14239,15926,23245,11101,12144,18915,8714,10201,16394,7424,8970,12805,5401,7404,13704,4534,9170
"2011","L - Liverpool","L - Liverpool",871991,421597,450394,47673,24552,23121,42750,21832,20918,57970,29506,28464,49679,24310,25369,74359,37251,37108,61895,31229,30666,54163,26804,27359,53305,25513,27792,61462,29693,31769,65786,30864,34922,61074,29346,31728,52501,25602,26899,50648,25084,25564,37968,18127,19841,34602,15884,18718,29469,12756,16713,20719,8336,12383,15968,4908,11060
"2011","LA - Lancaster","LA - Lancaster",322753,156299,166454,16208,8400,7808,15558,8034,7524,22030,11244,10786,18351,9180,9171,21704,10862,10842,16859,8359,8500,15932,7845,8087,17714,8494,9220,22473,10770,11703,23398,11270,12128,21655,10417,11238,20132,9826,10306,23514,11548,11966,19763,9735,10028,16061,7787,8274,12639,5726,6913,9680,3974,5706,9082,2828,6254
"2011","LE - Leicester","LE - Leicester",983349,484948,498401,60561,30622,29939,55917,28694,27223,70887,36656,34231,56842,29203,27639,76518,38441,38077,64713,31996,32717,60472,30600,29872,63209,31375,31834,70072,34142,35930,70677,34841,35836,63322,31603,31719,56868,28506,28362,58694,29287,29407,45281,22058,23223,36329,17226,19103,29548,13475,16073,22508,9256,13252,20931,6967,13964
"2011","LN - Lincoln","LN - Lincoln",289932,141222,148710,15078,7730,7348,13809,7063,6746,19492,9949,9543,15479,7638,7841,19954,9986,9968,16253,8290,7963,14798,7240,7558,16371,8068,8303,20009,9774,10235,20895,10077,10818,18864,8981,9883,17734,8544,9190,21016,10130,10886,18276,9078,9198,14419,7000,7419,11361,5378,5983,8443,3685,4758,7681,2611,5070
"2011","LS - Leeds","LS - Leeds",829676,412427,417249,48773,24806,23967,41765,21415,20350,50725,25921,24804,45400,22192,23208,75588,37076,38512,65884,33207,32677,61218,31579,29639,59903,30910,28993,62833,32371,30462,60264,30938,29326,51855,26257,25598,43948,22396,21552,44616,22431,22185,32297,15625,16672,27683,12692,14991,23550,10380,13170,17542,7088,10454,15832,5143,10689
"2011","LU - Luton","LU - Luton",318154,156029,162125,24986,12790,12196,22073,11379,10694,25763,13166,12597,16557,8475,8082,21646,10951,10695,23329,11222,12107,21393,10096,11297,20925,9979,10946,22109,10757,11352,22464,10883,11581,19382,9654,9728,16368,8114,8254,16346,8081,8265,12821,6283,6538,11107,5373,5734,9275,4257,5018,6313,2755,3558,5297,1814,3483
"2011","M - Manchester","M - Manchester",1235866,617239,618627,80667,41462,39205,66645,33955,32690,79856,40740,39116,66128,33433,32695,113857,56983,56874,109021,54114,54907,97437,49091,48346,89226,45414,43812,94249,48118,46131,90045,45718,44327,76323,39271,37052,62220,32481,29739,59841,30893,28948,43310,21056,22254,36578,16912,19666,29410,12899,16511,21689,8527,13162,19364,6172,13192
"2011","ME - Medway","ME - Medway",569614,277154,292460,39018,20133,18885,36086,18400,17686,46303,23724,22579,31564,16267,15297,34946,18039,16907,33358,16304,17054,32582,15651,16931,34431,16159,18272,40744,19484,21260,41263,19757,21506,36648,17730,18918,32441,15829,16612,36664,17755,18909,28970,14193,14777,22793,10890,11903,17636,8048,9588,12759,5239,7520,11408,3552,7856
"2011","MK - Milton Keynes","MK - Milton Keynes",509479,251116,258363,35573,18111,17462,31869,16339,15530,39360,20318,19042,25449,13259,12190,29637,14934,14703,35463,17823,17640,36939,18218,18721,36669,18080,18589,38736,18855,19881,38401,18636,19765,33632,16740,16892,29451,14320,15131,29623,14646,14977,21240,10408,10832,16279,7782,8497,12853,5767,7086,9469,3983,5486,8836,2897,5939
"2011","N - London N","N - London N",736184,358886,377298,60290,30725,29565,50115,25570,24545,57243,29465,27778,36759,18487,18272,54402,26546,27856,63927,31066,32861,62510,31167,31343,54886,26745,28141,55078,26687,28391,51458,24977,26481,41330,20035,21295,33813,16330,17483,30877,14575,16302,24038,11150,12888,20425,9512,10913,16420,7417,9003,11734,4811,6923,10879,3621,7258
"2011","NE - Newcastle upon Tyne","NE - Newcastle upon Tyne",1175970,576298,599672,65565,33891,31674,59978,30720,29258,77115,39799,37316,61749,31274,30475,87166,44448,42718,76952,38295,38657,71914,36033,35881,72936,36164,36772,83250,41039,42211,88923,43547,45376,82706,40768,41938,72767,35753,37014,75615,37109,38506,56228,27331,28897,48443,22421,26022,39796,17848,21948,29205,11712,17493,25662,8146,17516
"2011","NG - Nottingham","NG - Nottingham",1149506,563636,585870,69503,35454,34049,62358,32086,30272,79801,40741,39060,64539,32659,31880,89625,44925,44700,73278,36672,36606,69674,34889,34785,73096,35731,37365,83638,40766,42872,84114,40997,43117,73380,36006,37374,65793,32562,33231,69773,34913,34860,56327,27362,28965,45354,21667,23687,36783,16649,20134,27459,11157,16302,25011,8400,16611
"2011","NN - Northampton","NN - Northampton",637339,314208,323131,44158,22426,21732,39081,19684,19397,47574,24415,23159,31182,16045,15137,37484,18741,18743,41068,20356,20712,40533,20469,20064,43795,21647,22148,48070,23727,24343,47774,23720,24054,40725,20235,20490,36873,18251,18622,40499,19563,20936,30827,15321,15506,23023,11207,11816,18040,8520,9520,13630,5634,7996,13003,4247,8756
"2011","NR - Norwich","NR - Norwich",713753,345160,368593,38989,19944,19045,35337,18062,17275,48110,24568,23542,34482,17607,16875,43530,21598,21932,40386,20046,20340,37620,18409,19211,41369,20014,21355,48282,23276,25006,49465,23806,25659,45185,21562,23623,43940,20877,23063,52426,25199,27227,44214,21791,22423,35675,17432,18243,29777,13732,16045,22989,9788,13201,21977,7449,14528
"2011","NW - London NW","NW - London NW",557322,275830,281492,39829,20308,19521,32381,16607,15774,36048,18457,17591,24550,12384,12166,42984,20980,22004,55251,26451,28800,53567,26650,26917,46919,23497,23422,43125,22087,21038,39258,19910,19348,33546,17255,16291,26582,13392,13190,23452,11650,11802,17523,8134,9389,14150,6524,7626,11548,5171,6377,8481,3602,4879,8128,2771,5357
"2011","OL - Oldham","OL - Oldham",449610,218884,230726,33451,16952,16499,30344,15697,14647,37123,18892,18231,23957,12384,11573,28004,13590,14414,28636,13676,14960,27348,13068,14280,28572,13821,14751,32534,15976,16558,31747,15435,16312,28645,14113,14532,25566,12692,12874,27171,13454,13717,20513,9893,10620,16317,7747,8570,12191,5334,6857,9002,3482,5520,8489,2678,5811
"2011","OX - Oxford","OX - Oxford",620653,306337,314316,38295,19326,18969,33521,16864,16657,42016,21504,20512,33237,17096,16141,47556,24820,22736,46847,23777,23070,42953,22040,20913,41776,20353,21423,44994,21973,23021,45478,22334,23144,39026,19150,19876,33984,16720,17264,35440,17452,17988,27816,13432,14384,22266,10671,11595,18230,8529,9701,13769,5889,7880,13449,4407,9042
"2011","PE - Peterborough","PE - Peterborough",868551,422945,445606,52384,26998,25386,47424,24356,23068,63323,32318,31005,41311,21122,20189,48786,24671,24115,52185,25738,26447,49897,24637,25260,53139,25941,27198,60674,29250,31424,62176,30018,32158,55677,27029,28648,52300,24833,27467,59614,28941,30673,49583,24302,25281,40550,19633,20917,32738,15231,17507,24612,10424,14188,22178,7503,14675
"2011","PL - Plymouth","PL - Plymouth",537959,262667,275292,29886,15300,14586,27269,13938,13331,36908,18974,17934,27725,14148,13577,37455,19630,17825,31615,16104,15511,28127,14018,14109,30823,14950,15873,37054,17598,19456,38582,18746,19836,36412,17780,18632,33315,15919,17396,38454,18675,19779,31727,15567,16160,24318,11668,12650,19619,8990,10629,14557,6189,8368,14113,4473,9640
"2011","PO - Portsmouth","PO - Portsmouth",808897,394213,414684,45912,23734,22178,42079,21630,20449,55594,28717,26877,42735,22014,20721,55731,29212,26519,48344,24569,23775,43674,21927,21747,47173,22789,24384,55444,26768,28676,57377,27799,29578,52169,25525,26644,46350,22451,23899,53185,25407,27778,45540,21871,23669,37014,17411,19603,31775,14282,17493,24401,10083,14318,24400,8024,16376
"2011","PR - Preston","PR - Preston",522226,259075,263151,30226,15556,14670,28016,14324,13692,35795,18283,17512,26403,13401,13002,35654,18123,17531,32352,16881,15471,29775,15348,14427,33310,16806,16504,37893,18875,19018,39194,19836,19358,35008,17608,17400,31252,15610,15642,34374,17151,17223,27257,13288,13969,22499,10641,11858,17853,8152,9701,13180,5331,7849,12185,3861,8324
"2011","RG - Reading","RG - Reading",782378,391967,390411,53263,27315,25948,45898,23469,22429,57208,29644,27564,38023,19585,18438,45937,23339,22598,51624,26065,25559,55006,27596,27410,58481,29743,28738,63290,32237,31053,61731,31487,30244,52285,27067,25218,43540,21888,21652,44404,21938,22466,33960,16451,17509,26430,12790,13640,21149,9761,11388,15484,6632,8852,14665,4960,9705
"2011","RH - Redhill","RH - Redhill",535628,261126,274502,33493,17291,16202,31077,15837,15240,39801,20622,19179,25013,12756,12257,27854,14092,13762,33035,16424,16611,34919,17072,17847,36462,17349,19113,41001,19751,21250,41605,20435,21170,36385,17895,18490,31891,15738,16153,33689,16620,17069,25480,12359,13121,19620,9268,10352,16979,7568,9411,13860,5726,8134,13464,4323,9141
"2011","RM - Romford","RM - Romford",459127,223019,236108,38571,19583,18988,33309,17096,16213,39985,20379,19606,25610,13098,12512,27122,13770,13352,27043,13167,13876,27130,12883,14247,28303,13656,14647,30817,14981,15836,30915,15215,15700,27663,13955,13708,24153,12096,12057,25092,12362,12730,19264,9073,10191,16632,7443,9189,14756,6223,8533,11988,4674,7314,10774,3365,7409
"2011","S - Sheffield","S - Sheffield",1331112,650338,680774,80906,41380,39526,73546,37539,36007,93591,47737,45854,74970,37621,37349,99002,49598,49404,82757,40533,42224,76641,37865,38776,82183,40106,42077,97263,47568,49695,94986,47053,47933,86112,42683,43429,76433,38002,38431,81727,40227,41500,68550,33342,35208,55795,26416,29379,44319,19697,24622,32514,13355,19159,29817,9616,20201
"2011","SE - London SE","SE - London SE",942799,467151,475648,77126,39368,37758,58525,29842,28683,64926,32991,31935,44337,22501,21836,72885,35416,37469,86942,41993,44949,87787,42733,45054,77196,39082,38114,74665,38317,36348,70470,35760,34710,57762,29495,28267,43357,21814,21543,37041,18717,18324,26341,12711,13630,21782,9992,11790,17105,7576,9529,12764,5111,7653,11788,3732,8056
"2011","SG - Stevenage","SG - Stevenage",370562,181545,189017,26055,13390,12665,23766,12121,11645,29893,15346,14547,18931,9806,9125,19127,10054,9073,20356,10400,9956,20803,10281,10522,23385,11073,12312,27254,12961,14293,28461,13792,14669,24768,12190,12578,21160,10417,10743,23077,11234,11843,18385,8954,9431,14573,6990,7583,12684,5821,6863,9091,3861,5230,8793,2854,5939
"2011","SK - Stockport","SK - Stockport",572853,280120,292733,35741,18337,17404,33313,17160,16153,43306,22149,21157,28169,14655,13514,31437,15866,15571,31986,15952,16034,31767,15989,15778,35332,17394,17938,41671,20410,21261,43073,21056,22017,38039,18848,19191,33852,16647,17205,38447,18770,19677,30616,14798,15818,25514,11967,13547,20716,9296,11420,15591,6308,9283,14283,4518,9765
"2011","SL - Slough","SL - Slough",381565,189540,192025,27139,13843,13296,23829,12301,11528,28557,14748,13809,17887,9144,8743,21230,10684,10546,27417,13358,14059,29931,15003,14928,29254,15150,14104,29599,15073,14526,28327,14365,13962,23890,11960,11930,20360,10180,10180,20036,9922,10114,15210,7273,7937,12649,5915,6734,10631,4810,5821,8011,3304,4707,7608,2507,5101
"2011","SM - Sutton","SM - Sutton",184085,86522,97563,14091,7191,6900,12649,6365,6284,15989,8186,7803,9455,4956,4499,9507,4712,4795,10740,5152,5588,11411,5362,6049,11410,5079,6331,12849,5750,7099,13013,5818,7195,11070,5163,5907,9359,4357,5002,10484,4782,5702,8499,3965,4534,7267,3309,3958,6322,2777,3545,4973,2009,2964,4997,1589,3408
"2011","SN - Swindon","SN - Swindon",445019,220470,224549,28902,14786,14116,26914,13829,13085,34516,17604,16912,21918,11177,10741,23325,11971,11354,25871,12938,12933,26275,13138,13137,30765,15309,15456,34917,17372,17545,35152,17667,17485,30228,15259,14969,26053,12959,13094,27284,13411,13873,21753,10698,11055,17090,8197,8893,13905,6457,7448,10454,4437,6017,9697,3261,6436
"2011","SO - Southampton","SO - Southampton",665213,325801,339412,39002,20013,18989,34816,17957,16859,44621,23052,21569,36481,18684,17797,52228,26365,25863,42350,21278,21072,40863,20084,20779,42532,20854,21678,45774,22336,23438,48351,23456,24895,43463,21432,22031,38382,18933,19449,41378,20240,21138,32666,15832,16834,26213,12446,13767,21915,10024,11891,17371,7263,10108,16807,5552,11255
"2011","SP - Salisbury","SP - Salisbury",230131,114400,115731,14225,7243,6982,13241,6733,6508,16859,8653,8206,11178,5828,5350,14494,8552,5942,14286,7810,6476,13145,6887,6258,14580,7226,7354,16433,7975,8458,16664,8017,8647,14695,7143,7552,13129,6394,6735,14647,7069,7578,12032,5714,6318,9774,4636,5138,8119,3770,4349,6285,2659,3626,6345,2091,4254
"2011","SR - Sunderland","SR - Sunderland",242213,112545,129668,13941,7148,6793,12544,6504,6040,16863,8548,8315,13231,6599,6632,17350,8390,8960,15001,7061,7940,13523,6103,7420,14185,6188,7997,16571,7228,9343,17800,8119,9681,16931,7807,9124,14646,6739,7907,15067,7019,8048,12028,5669,6359,11017,4940,6077,9691,4157,5534,6817,2731,4086,5007,1595,3412
"2011","SS - Southend-on-Sea","SS - Southend-on-Sea",477369,227774,249595,30956,15803,15153,28708,14719,13989,38062,19399,18663,24285,12522,11763,25575,13050,12525,25091,12267,12824,26010,12477,13533,28784,13342,15442,32870,15037,17833,33636,15888,17748,30063,14380,15683,27537,12980,14557,32594,15325,17269,26597,12571,14026,21745,10052,11693,18289,8281,10008,13689,5598,8091,12878,4083,8795
"2011","ST - Stoke-on-Trent","ST - Stoke-on-Trent",630869,310393,320476,37123,18821,18302,34139,17532,16607,43781,22438,21343,33000,16964,16036,42564,22130,20434,37432,19090,18342,35055,17574,17481,38750,18997,19753,45663,22623,23040,45719,22406,23313,41021,20024,20997,38225,18780,19445,42637,20815,21822,35226,17473,17753,27932,13512,14420,22086,10036,12050,16140,6596,9544,14376,4582,9794
"2011","SW - London SW","SW - London SW",907219,447478,459741,59004,30259,28745,43259,21854,21405,44349,22669,21680,32016,16042,15974,68992,32158,36834,100867,48145,52722,98377,48117,50260,84030,42315,41715,77440,39150,38290,72027,37164,34863,57447,29704,27743,44761,22499,22262,38267,19186,19081,26076,12490,13586,21000,9784,11216,15828,7253,8575,11882,4924,6958,11597,3765,7832
"2011","SY - Shrewsbury","SY - Shrewsbury",338146,166090,172056,17256,8789,8467,17277,8768,8509,24131,12433,11698,18973,9779,9194,22303,11761,10542,17195,9044,8151,16612,8491,8121,18544,9060,9484,23219,11316,11903,24587,11988,12599,22457,10902,11555,21624,10498,11126,24210,11765,12445,20685,10023,10662,16510,7986,8524,13118,6074,7044,9932,4238,5694,9513,3175,6338
"2011","TA - Taunton","TA - Taunton",312884,150398,162486,17254,8672,8582,16263,8332,7931,22413,11536,10877,14988,7653,7335,16541,8244,8297,15543,7886,7657,14734,7133,7601,16618,7726,8892,20683,9826,10857,22158,10493,11665,20747,10018,10729,20209,9693,10516,23749,11612,12137,20066,9659,10407,16099,7737,8362,13350,6169,7181,10796,4550,6246,10673,3459,7214
"2011","TD - Galashiels","TD - Galashiels",17277,8133,9144,946,481,465,891,486,405,1125,585,540,749,374,375,848,386,462,828,369,459,785,383,402,841,395,446,1020,464,556,1226,558,668,1161,514,647,1229,553,676,1453,683,770,1245,607,638,963,474,489,817,375,442,572,240,332,578,206,372
"2011","TF - Telford","TF - Telford",212308,105878,106430,13775,7028,6747,12297,6027,6270,16046,8203,7843,11509,5935,5574,13531,7142,6389,13403,6852,6551,12879,6608,6271,14008,7160,6848,16250,8286,7964,15962,8151,7811,13574,6651,6923,12727,6271,6456,13489,6560,6929,10734,5302,5432,8154,3958,4196,6022,2767,3255,4227,1795,2432,3721,1182,2539
"2011","TN - Tonbridge","TN - Tonbridge",646267,308391,337876,39602,20307,19295,39034,19947,19087,51544,26083,25461,33419,17135,16284,32227,16309,15918,32514,16218,16296,31255,15019,16236,36423,16871,19552,44975,20688,24287,46988,21875,25113,41810,19541,22269,38187,18073,20114,46132,21837,24295,37947,18398,19549,29844,14124,15720,24932,11408,13524,19595,8151,11444,19839,6407,13432
"2011","TQ - Torquay","TQ - Torquay",272064,129783,142281,13616,7033,6583,13433,6944,6489,18747,9804,8943,12694,6529,6165,13228,6884,6344,12584,6236,6348,11901,5712,6189,13643,6462,7181,17555,8153,9402,19574,9138,10436,18316,8529,9787,18013,8489,9524,22137,10371,11766,18865,9188,9677,14776,7060,7716,12549,5749,6800,9732,3963,5769,10701,3539,7162
"2011","TR - Truro","TR - Truro",295491,142289,153202,15127,7771,7356,14236,7340,6896,19774,10243,9531,14513,7308,7205,17633,8987,8646,15562,7766,7796,15646,7768,7878,17232,8236,8996,20212,9459,10753,21155,10021,11134,19911,9461,10450,19098,9017,10081,22985,11106,11879,18811,9083,9728,14334,6812,7522,11633,5398,6235,9032,3763,5269,8597,2750,5847
"2011","TS - Cleveland","TS - Cleveland",588882,283761,305121,37188,18885,18303,33892,17430,16462,43639,22429,21210,32464,16519,15945,38803,19657,19146,35668,16898,18770,32285,15204,17081,33962,16077,17885,40425,18988,21437,44076,20928,23148,40697,19596,21101,35990,17427,18563,37647,18291,19356,29547,14502,15045,25447,11921,13526,20549,9196,11353,14598,5972,8626,12005,3841,8164
"2011","TW - Twickenham","TW - Twickenham",470771,236907,233864,35665,18307,17358,28023,14241,13782,32150,16533,15617,22395,11293,11102,31606,16098,15508,36547,18387,18160,38354,19668,18686,36909,19173,17736,35550,18215,17335,34033,17783,16250,28817,15025,13792,24156,12542,11614,23234,11619,11615,17785,8627,9158,14970,7097,7873,12432,5618,6814,9269,3827,5442,8876,2854,6022
"2011","UB - Southall","UB - Southall",399745,205972,193773,28527,14554,13973,23775,12205,11570,28062,14546,13516,20350,10826,9524,29448,15343,14105,33486,16722,16764,34687,17962,16725,31948,16613,15335,31621,16660,14961,30614,16345,14269,26171,14068,12103,21227,11462,9765,17723,9374,8349,11994,5885,6109,10656,5229,5427,8524,3857,4667,5849,2509,3340,5083,1812,3271
"2011","W - London W","W - London W",805025,408044,396981,34812,17851,16961,26740,13603,13137,28674,14529,14145,25010,12062,12948,74313,34284,40029,113466,54059,59407,108659,55653,53006,86878,46301,40577,71859,39222,32637,61593,33328,28265,47103,25132,21971,36344,18913,17431,30194,15655,14539,19303,9483,9820,14476,7147,7329,10821,5165,5656,7545,3219,4326,7235,2438,4797
"2011","WA - Warrington","WA - Warrington",633656,319249,314407,38144,19278,18866,35147,17997,17150,44803,22930,21873,31080,16038,15042,37924,19410,18514,40252,20913,19339,38867,20092,18775,43450,22470,20980,48784,25061,23723,49883,26013,23870,42785,22304,20481,38398,19834,18564,41262,20854,20408,31302,15367,15935,25473,12053,13420,19656,8933,10723,14114,5818,8296,12332,3884,8448
"2011","WC - London WC","WC - London WC",224725,117929,106796,1373,761,612,1362,641,721,1202,623,579,4746,2108,2638,22639,10273,12366,39034,18387,20647,37813,18911,18902,28827,15829,12998,24392,13987,10405,20657,11746,8911,16069,9280,6789,11647,6731,4916,7914,4717,3197,3197,1919,1278,1602,930,672,1011,550,461,681,328,353,559,208,351
"2011","WD - Watford","WD - Watford",246094,120106,125988,17903,9206,8697,15639,8022,7617,19245,9837,9408,12185,6183,6002,14451,7013,7438,17120,8280,8840,17308,8619,8689,17318,8568,8750,18000,8877,9123,18182,8955,9227,15343,7549,7794,12981,6469,6512,13132,6368,6764,10211,4898,5313,8467,3913,4554,7378,3274,4104,5620,2273,3347,5611,1802,3809
"2011","WF - Wakefield","WF - Wakefield",496850,244218,252632,33045,16908,16137,30301,15413,14888,38108,19260,18848,25033,12873,12160,29172,14420,14752,31133,15090,16043,28995,14307,14688,31669,15735,15934,37530,19005,18525,36620,18499,18121,32900,16484,16416,29347,14764,14583,31495,15498,15997,24929,12084,12845,20030,9560,10470,15658,6991,8667,11076,4332,6744,9809,2995,6814
"2011","WN - Wigan","WN - Wigan",287833,140922,146911,19123,9801,9322,17561,9012,8549,22157,11475,10682,14783,7660,7123,16873,8452,8421,16622,8081,8541,15433,7569,7864,17594,8545,9049,21243,10338,10905,21149,10381,10768,18292,8899,9393,16599,8116,8483,19850,9672,10178,16680,8217,8463,13043,6371,6672,9376,4279,5097,6203,2502,3701,5252,1552,3700
"2011","WR - Worcester","WR - Worcester",283700,138442,145258,15281,7799,7482,15113,7763,7350,20004,10221,9783,14217,7163,7054,15710,7907,7803,15465,7760,7705,15193,7519,7674,17191,8367,8824,20513,9905,10608,21115,10329,10786,18887,9287,9600,17938,8853,9085,20200,10042,10158,16562,8006,8556,13397,6442,6955,10741,5095,5646,8106,3393,4713,8067,2591,5476
"2011","WS - Walsall","WS - Walsall",431273,211110,220163,28855,14810,14045,27070,13943,13127,33995,17464,16531,22790,11434,11356,26600,13552,13048,25915,12857,13058,24248,11965,12283,26277,12893,13384,30790,15094,15696,30677,15013,15664,26679,13144,13535,24264,11883,12381,26511,12918,13593,23527,11446,12081,19019,9049,9970,14499,6544,7955,10497,4316,6181,9060,2785,6275
"2011","WV - Wolverhampton","WV - Wolverhampton",382662,189677,192985,24542,12432,12110,22186,11387,10799,28446,14548,13898,20450,10622,9828,25072,13079,11993,23580,12119,11461,21931,10948,10983,23824,12110,11714,27254,13632,13622,27556,13663,13893,24254,12146,12108,22372,11252,11120,22605,11235,11370,19294,9416,9878,16779,7926,8853,13494,6084,7410,10190,4196,5994,8833,2882,5951
"2011","YO - York","YO - York",550229,267712,282517,28919,14813,14106,27223,13904,13319,36750,18816,17934,29338,14903,14435,37583,18915,18668,30576,15765,14811,28214,14204,14010,31431,15405,16026,37508,18199,19309,39605,19290,20315,36171,17790,18381,34091,16508,17583,40030,19393,20637,32802,15782,17020,26883,12478,14405,21503,9742,11761,16256,6626,9630,15346,5179,10167
"2011","CF - Cardiff","CF - Cardiff",1004225,489621,514604,62158,32036,30122,54850,27986,26864,70524,35898,34626,55122,27585,27537,79383,39773,39610,70108,34709,35399,64167,31979,32188,63624,31279,32345,70678,34184,36494,71391,34634,36757,64704,31592,33112,57995,28483,29512,60137,29556,30581,46713,22624,24089,38725,18081,20644,30788,13578,17210,22114,9013,13101,21044,6631,14413
"2011","LD - Llandrindod Wells","LD - Llandrindod Wells",49392,24318,25074,2365,1193,1172,2417,1271,1146,3581,1888,1693,2418,1190,1228,2329,1282,1047,2227,1167,1060,2130,1080,1050,2490,1215,1275,3176,1558,1618,3637,1794,1843,3358,1619,1739,3442,1661,1781,4039,2004,2035,3562,1750,1812,2751,1369,1382,2217,1035,1182,1642,698,944,1611,544,1067
"2011","LL - Llandudno","LL - Llandudno",526894,255934,270960,30817,15799,15018,27809,14479,13330,36429,18736,17693,26373,13448,12925,32281,16457,15824,27798,14008,13790,26632,13180,13452,29616,14371,15245,35332,16737,18595,36752,17568,19184,34419,16675,17744,32664,15816,16848,38287,18703,19584,32578,16059,16519,26228,12636,13592,21220,9654,11566,16411,6763,9648,15248,4845,10403
"2011","NP - Newport","NP - Newport",474361,231255,243106,28825,14766,14059,26931,13766,13165,36460,18677,17783,25322,12749,12573,28613,14513,14100,27595,13594,14001,26340,12966,13374,27349,13286,14063,33891,16426,17465,34585,16897,17688,30842,15072,15770,28151,13727,14424,31633,15519,16114,26072,12727,13345,20967,10085,10882,17156,7814,9342,12134,5095,7039,11495,3576,7919
"2011","SA - Swansea","SA - Swansea",720524,351696,368828,39976,20613,19363,37905,19477,18428,50383,26189,24194,37114,18964,18150,47393,24721,22672,40489,20646,19843,38581,19144,19437,40902,19684,21218,47331,23062,24269,51312,24822,26490,47803,22795,25008,46142,22367,23775,50711,24639,26072,42125,20389,21736,34251,16543,17708,28085,12846,15239,20662,8582,12080,19359,6213,13146
